{
  "seed": 42,
  "n_folds": 5,
  "stratify_by": "tumour_burden_ratio",
  "thresholds": [
    0.006105252119828749,
    0.06719376718335907
  ],
  "fold_of_patient": {
    "14": 0,
    "11": 1,
    "20": 2,
    "18": 3,
    "04": 4,
    "03": 0,
    "05": 1,
    "16": 2,
    "15": 3,
    "09": 4,
    "10": 0,
    "02": 1,
    "13": 2,
    "08": 3,
    "01": 4,
    "17": 0,
    "12": 1,
    "06": 2,
    "07": 3,
    "19": 4
  },
  "folds": {
    "0": [
      "03",
      "10",
      "14",
      "17"
    ],
    "1": [
      "02",
      "05",
      "11",
      "12"
    ],
    "2": [
      "06",
      "13",
      "16",
      "20"
    ],
    "3": [
      "07",
      "08",
      "15",
      "18"
    ],
    "4": [
      "01",
      "04",
      "09",
      "19"
    ]
  }
}